environment | t (second),environment | V_mem (volt),environment | v_R1 (fmol_per_sec)
0,-0.12,13.662
0.1,-0.1199,13.6971
0.2,-0.1198,13.7317
0.3,-0.1197,13.7663
0.4,-0.1196,13.801
0.5,-0.1195,13.8357
0.6,-0.1194,13.8705
0.7,-0.1193,13.9053
0.8,-0.1192,13.9402
0.9,-0.1191,13.9751
1,-0.119,14.0101
1.1,-0.1189,14.0451
1.2,-0.1188,14.0802
1.3,-0.1187,14.1154
1.4,-0.1186,14.1505
1.5,-0.1185,14.1858
1.6,-0.1184,14.2211
1.7,-0.1183,14.2565
1.8,-0.1182,14.2919
1.9,-0.1181,14.3273
2,-0.118,14.3628
2.1,-0.1179,14.3984
2.2,-0.1178,14.434
2.3,-0.1177,14.4697
2.4,-0.1176,14.5054
2.5,-0.1175,14.5412
2.6,-0.1174,14.577
2.7,-0.1173,14.6128
2.8,-0.1172,14.6488
2.9,-0.1171,14.6847
3,-0.117,14.7208
3.1,-0.1169,14.7568
3.2,-0.1168,14.793
3.3,-0.1167,14.8292
3.4,-0.1166,14.8654
3.5,-0.1165,14.9017
3.6,-0.1164,14.938
3.7,-0.1163,14.9744
3.8,-0.1162,15.0108
3.9,-0.1161,15.0473
4,-0.116,15.0838
4.1,-0.1159,15.1204
4.2,-0.1158,15.157
4.3,-0.1157,15.1937
4.4,-0.1156,15.2304
4.5,-0.1155,15.2672
4.6,-0.1154,15.304
4.7,-0.1153,15.3409
4.8,-0.1152,15.3778
4.9,-0.1151,15.4148
5,-0.115,15.4518
5.1,-0.1149,15.4889
5.2,-0.1148,15.526
5.3,-0.1147,15.5632
5.4,-0.1146,15.6004
5.5,-0.1145,15.6377
5.6,-0.1144,15.675
5.7,-0.1143,15.7123
5.8,-0.1142,15.7497
5.9,-0.1141,15.7872
6,-0.114,15.8247
6.1,-0.1139,15.8622
6.2,-0.1138,15.8998
6.3,-0.1137,15.9375
6.4,-0.1136,15.9752
6.5,-0.1135,16.0129
6.6,-0.1134,16.0507
6.7,-0.1133,16.0885
6.8,-0.1132,16.1264
6.9,-0.1131,16.1643
7,-0.113,16.2023
7.1,-0.1129,16.2403
7.2,-0.1128,16.2784
7.3,-0.1127,16.3165
7.4,-0.1126,16.3547
7.5,-0.1125,16.3929
7.6,-0.1124,16.4311
7.7,-0.1123,16.4694
7.8,-0.1122,16.5077
7.9,-0.1121,16.5461
8,-0.112,16.5845
8.1,-0.1119,16.623
8.2,-0.1118,16.6615
8.3,-0.1117,16.7001
8.4,-0.1116,16.7387
8.5,-0.1115,16.7773
8.6,-0.1114,16.816
8.7,-0.1113,16.8547
8.8,-0.1112,16.8935
8.9,-0.1111,16.9323
9,-0.111,16.9712
9.1,-0.1109,17.0101
9.2,-0.1108,17.0491
9.3,-0.1107,17.0881
9.4,-0.1106,17.1271
9.5,-0.1105,17.1662
9.6,-0.1104,17.2053
9.7,-0.1103,17.2445
9.8,-0.1102,17.2837
9.9,-0.1101,17.3229
10,-0.11,17.3622
10.1,-0.1099,17.4015
10.2,-0.1098,17.4409
10.3,-0.1097,17.4803
10.4,-0.1096,17.5198
10.5,-0.1095,17.5593
10.6,-0.1094,17.5988
10.7,-0.1093,17.6384
10.8,-0.1092,17.678
10.9,-0.1091,17.7177
11,-0.109,17.7573
11.1,-0.1089,17.7971
11.2,-0.1088,17.8369
11.3,-0.1087,17.8767
11.4,-0.1086,17.9165
11.5,-0.1085,17.9564
11.6,-0.1084,17.9964
11.7,-0.1083,18.0363
11.8,-0.1082,18.0763
11.9,-0.1081,18.1164
12,-0.108,18.1565
12.1,-0.1079,18.1966
12.2,-0.1078,18.2368
12.3,-0.1077,18.277
12.4,-0.1076,18.3172
12.5,-0.1075,18.3575
12.6,-0.1074,18.3978
12.7,-0.1073,18.4382
12.8,-0.1072,18.4786
12.9,-0.1071,18.519
13,-0.107,18.5594
13.1,-0.1069,18.5999
13.2,-0.1068,18.6405
13.3,-0.1067,18.681
13.4,-0.1066,18.7216
13.5,-0.1065,18.7623
13.6,-0.1064,18.8029
13.7,-0.1063,18.8437
13.8,-0.1062,18.8844
13.9,-0.1061,18.9252
14,-0.106,18.966
14.1,-0.1059,19.0068
14.2,-0.1058,19.0477
14.3,-0.1057,19.0886
14.4,-0.1056,19.1296
14.5,-0.1055,19.1706
14.6,-0.1054,19.2116
14.7,-0.1053,19.2526
14.8,-0.1052,19.2937
14.9,-0.1051,19.3348
15,-0.105,19.376
15.1,-0.1049,19.4172
15.2,-0.1048,19.4584
15.3,-0.1047,19.4996
15.4,-0.1046,19.5409
15.5,-0.1045,19.5822
15.6,-0.1044,19.6235
15.7,-0.1043,19.6649
15.8,-0.1042,19.7063
15.9,-0.1041,19.7478
16,-0.104,19.7892
16.1,-0.1039,19.8307
16.2,-0.1038,19.8722
16.3,-0.1037,19.9138
16.4,-0.1036,19.9554
16.5,-0.1035,19.997
16.6,-0.1034,20.0386
16.7,-0.1033,20.0803
16.8,-0.1032,20.122
16.9,-0.1031,20.1638
17,-0.103,20.2055
17.1,-0.1029,20.2473
17.2,-0.1028,20.2891
17.3,-0.1027,20.331
17.4,-0.1026,20.3729
17.5,-0.1025,20.4148
17.6,-0.1024,20.4567
17.7,-0.1023,20.4986
17.8,-0.1022,20.5406
17.9,-0.1021,20.5826
18,-0.102,20.6247
18.1,-0.1019,20.6667
18.2,-0.1018,20.7088
18.3,-0.1017,20.751
18.4,-0.1016,20.7931
18.5,-0.1015,20.8353
18.6,-0.1014,20.8775
18.7,-0.1013,20.9197
18.8,-0.1012,20.9619
18.9,-0.1011,21.0042
19,-0.101,21.0465
19.1,-0.1009,21.0888
19.2,-0.1008,21.1311
19.3,-0.1007,21.1735
19.4,-0.1006,21.2159
19.5,-0.1005,21.2583
19.6,-0.1004,21.3007
19.7,-0.1003,21.3432
19.8,-0.1002,21.3856
19.9,-0.1001,21.4281
20,-0.1,21.4707
20.1,-0.0999,21.5132
20.2,-0.0998,21.5558
20.3,-0.0997,21.5983
20.4,-0.0996,21.641
20.5,-0.0995,21.6836
20.6,-0.0994,21.7262
20.7,-0.0993,21.7689
20.8,-0.0992,21.8116
20.9,-0.0991,21.8543
21,-0.099,21.897
21.1,-0.0989,21.9398
21.2,-0.0988,21.9825
21.3,-0.0987,22.0253
21.4,-0.0986,22.0681
21.5,-0.0985,22.1109
21.6,-0.0984,22.1538
21.7,-0.0983,22.1966
21.8,-0.0982,22.2395
21.9,-0.0981,22.2824
22,-0.098,22.3253
22.1,-0.0979,22.3683
22.2,-0.0978,22.4112
22.3,-0.0977,22.4542
22.4,-0.0976,22.4972
22.5,-0.0975,22.5402
22.6,-0.0974,22.5832
22.7,-0.0973,22.6262
22.8,-0.0972,22.6693
22.9,-0.0971,22.7123
23,-0.097,22.7554
23.1,-0.0969,22.7985
23.2,-0.0968,22.8416
23.3,-0.0967,22.8847
23.4,-0.0966,22.9279
23.5,-0.0965,22.971
23.6,-0.0964,23.0142
23.7,-0.0963,23.0574
23.8,-0.0962,23.1005
23.9,-0.0961,23.1438
24,-0.096,23.187
24.1,-0.0959,23.2302
24.2,-0.0958,23.2735
24.3,-0.0957,23.3167
24.4,-0.0956,23.36
24.5,-0.0955,23.4033
24.6,-0.0954,23.4466
24.7,-0.0953,23.4899
24.8,-0.0952,23.5332
24.9,-0.0951,23.5765
25,-0.095,23.6199
25.1,-0.0949,23.6632
25.2,-0.0948,23.7066
25.3,-0.0947,23.7499
25.4,-0.0946,23.7933
25.5,-0.0945,23.8367
25.6,-0.0944,23.8801
25.7,-0.0943,23.9235
25.8,-0.0942,23.9669
25.9,-0.0941,24.0104
26,-0.094,24.0538
26.1,-0.0939,24.0972
26.2,-0.0938,24.1407
26.3,-0.0937,24.1841
26.4,-0.0936,24.2276
26.5,-0.0935,24.2711
26.6,-0.0934,24.3146
26.7,-0.0933,24.358
26.8,-0.0932,24.4015
26.9,-0.0931,24.445
27,-0.093,24.4885
27.1,-0.0929,24.532
27.2,-0.0928,24.5755
27.3,-0.0927,24.619
27.4,-0.0926,24.6626
27.5,-0.0925,24.7061
27.6,-0.0924,24.7496
27.7,-0.0923,24.7931
27.8,-0.0922,24.8367
27.9,-0.0921,24.8802
28,-0.092,24.9238
28.1,-0.0919,24.9673
28.2,-0.0918,25.0108
28.3,-0.0917,25.0544
28.4,-0.0916,25.098
28.5,-0.0915,25.1415
28.6,-0.0914,25.1851
28.7,-0.0913,25.2286
28.8,-0.0912,25.2722
28.9,-0.0911,25.3157
29,-0.091,25.3593
29.1,-0.0909,25.4029
29.2,-0.0908,25.4464
29.3,-0.0907,25.49
29.4,-0.0906,25.5336
29.5,-0.0905,25.5771
29.6,-0.0904,25.6207
29.7,-0.0903,25.6643
29.8,-0.0902,25.7078
29.9,-0.0901,25.7514
30,-0.09,25.795
30.1,-0.0899,25.8385
30.2,-0.0898,25.8821
30.3,-0.0897,25.9256
30.4,-0.0896,25.9692
30.5,-0.0895,26.0127
30.6,-0.0894,26.0563
30.7,-0.0893,26.0998
30.8,-0.0892,26.1434
30.9,-0.0891,26.1869
31,-0.089,26.2305
31.1,-0.0889,26.274
31.2,-0.0888,26.3176
31.3,-0.0887,26.3611
31.4,-0.0886,26.4046
31.5,-0.0885,26.4481
31.6,-0.0884,26.4917
31.7,-0.0883,26.5352
31.8,-0.0882,26.5787
31.9,-0.0881,26.6222
32,-0.088,26.6657
32.1,-0.0879,26.7092
32.2,-0.0878,26.7526
32.3,-0.0877,26.7961
32.4,-0.0876,26.8396
32.5,-0.0875,26.883
32.6,-0.0874,26.9265
32.7,-0.0873,26.9699
32.8,-0.0872,27.0134
32.9,-0.0871,27.0568
33,-0.087,27.1002
33.1,-0.0869,27.1437
33.2,-0.0868,27.1871
33.3,-0.0867,27.2305
33.4,-0.0866,27.2738
33.5,-0.0865,27.3172
33.6,-0.0864,27.3606
33.7,-0.0863,27.404
33.8,-0.0862,27.4473
33.9,-0.0861,27.4906
34,-0.086,27.534
34.1,-0.0859,27.5773
34.2,-0.0858,27.6206
34.3,-0.0857,27.6639
34.4,-0.0856,27.7072
34.5,-0.0855,27.7504
34.6,-0.0854,27.7937
34.7,-0.0853,27.8369
34.8,-0.0852,27.8802
34.9,-0.0851,27.9234
35,-0.085,27.9666
35.1,-0.0849,28.0098
35.2,-0.0848,28.053
35.3,-0.0847,28.0961
35.4,-0.0846,28.1393
35.5,-0.0845,28.1824
35.6,-0.0844,28.2256
35.7,-0.0843,28.2687
35.8,-0.0842,28.3118
35.9,-0.0841,28.3549
36,-0.084,28.3979
36.1,-0.0839,28.441
36.2,-0.0838,28.484
36.3,-0.0837,28.527
36.4,-0.0836,28.57
36.5,-0.0835,28.613
36.6,-0.0834,28.656
36.7,-0.0833,28.6989
36.8,-0.0832,28.7419
36.9,-0.0831,28.7848
37,-0.083,28.8277
37.1,-0.0829,28.8706
37.2,-0.0828,28.9134
37.3,-0.0827,28.9563
37.4,-0.0826,28.9991
37.5,-0.0825,29.0419
37.6,-0.0824,29.0847
37.7,-0.0823,29.1275
37.8,-0.0822,29.1703
37.9,-0.0821,29.213
38,-0.082,29.2557
38.1,-0.0819,29.2985
38.2,-0.0818,29.3411
38.3,-0.0817,29.3838
38.4,-0.0816,29.4265
38.5,-0.0815,29.4691
38.6,-0.0814,29.5117
38.7,-0.0813,29.5543
38.8,-0.0812,29.5969
38.9,-0.0811,29.6394
39,-0.081,29.6819
39.1,-0.0809,29.7244
39.2,-0.0808,29.7669
39.3,-0.0807,29.8094
39.4,-0.0806,29.8518
39.5,-0.0805,29.8942
39.6,-0.0804,29.9366
39.7,-0.0803,29.979
39.8,-0.0802,30.0213
39.9,-0.0801,30.0636
40,-0.08,30.1059
40.1,-0.0799,30.1482
40.2,-0.0798,30.1905
40.3,-0.0797,30.2327
40.4,-0.0796,30.2749
40.5,-0.0795,30.3171
40.6,-0.0794,30.3592
40.7,-0.0793,30.4013
40.8,-0.0792,30.4434
40.9,-0.0791,30.4855
41,-0.079,30.5276
41.1,-0.0789,30.5696
41.2,-0.0788,30.6116
41.3,-0.0787,30.6536
41.4,-0.0786,30.6955
41.5,-0.0785,30.7375
41.6,-0.0784,30.7794
41.7,-0.0783,30.8212
41.8,-0.0782,30.8631
41.9,-0.0781,30.9049
42,-0.078,30.9467
42.1,-0.0779,30.9885
42.2,-0.0778,31.0302
42.3,-0.0777,31.0719
42.4,-0.0776,31.1136
42.5,-0.0775,31.1552
42.6,-0.0774,31.1969
42.7,-0.0773,31.2385
42.8,-0.0772,31.28
42.9,-0.0771,31.3216
43,-0.077,31.3631
43.1,-0.0769,31.4046
43.2,-0.0768,31.446
43.3,-0.0767,31.4874
43.4,-0.0766,31.5288
43.5,-0.0765,31.5702
43.6,-0.0764,31.6115
43.7,-0.0763,31.6528
43.8,-0.0762,31.6941
43.9,-0.0761,31.7354
44,-0.076,31.7766
44.1,-0.0759,31.8178
44.2,-0.0758,31.8589
44.3,-0.0757,31.9
44.4,-0.0756,31.9411
44.5,-0.0755,31.9822
44.6,-0.0754,32.0232
44.7,-0.0753,32.0642
44.8,-0.0752,32.1051
44.9,-0.0751,32.1461
45,-0.075,32.187
45.1,-0.0749,32.2278
45.2,-0.0748,32.2687
45.3,-0.0747,32.3095
45.4,-0.0746,32.3502
45.5,-0.0745,32.391
45.6,-0.0744,32.4317
45.7,-0.0743,32.4723
45.8,-0.0742,32.513
45.9,-0.0741,32.5536
46,-0.074,32.5941
46.1,-0.0739,32.6347
46.2,-0.0738,32.6752
46.3,-0.0737,32.7156
46.4,-0.0736,32.7561
46.5,-0.0735,32.7965
46.6,-0.0734,32.8368
46.7,-0.0733,32.8771
46.8,-0.0732,32.9174
46.9,-0.0731,32.9577
47,-0.073,32.9979
47.1,-0.0729,33.0381
47.2,-0.0728,33.0782
47.3,-0.0727,33.1183
47.4,-0.0726,33.1584
47.5,-0.0725,33.1985
47.6,-0.0724,33.2385
47.7,-0.0723,33.2784
47.8,-0.0722,33.3184
47.9,-0.0721,33.3582
48,-0.072,33.3981
48.1,-0.0719,33.4379
48.2,-0.0718,33.4777
48.3,-0.0717,33.5174
48.4,-0.0716,33.5572
48.5,-0.0715,33.5968
48.6,-0.0714,33.6365
48.7,-0.0713,33.676
48.8,-0.0712,33.7156
48.9,-0.0711,33.7551
49,-0.071,33.7946
49.1,-0.0709,33.834
49.2,-0.0708,33.8734
49.3,-0.0707,33.9128
49.4,-0.0706,33.9521
49.5,-0.0705,33.9914
49.6,-0.0704,34.0307
49.7,-0.0703,34.0699
49.8,-0.0702,34.109
49.9,-0.0701,34.1482
50,-0.07,34.1873
50.1,-0.0699,34.2263
50.2,-0.0698,34.2653
50.3,-0.0697,34.3043
50.4,-0.0696,34.3432
50.5,-0.0695,34.3821
50.6,-0.0694,34.421
50.7,-0.0693,34.4598
50.8,-0.0692,34.4986
50.9,-0.0691,34.5373
51,-0.069,34.576
51.1,-0.0689,34.6146
51.2,-0.0688,34.6532
51.3,-0.0687,34.6918
51.4,-0.0686,34.7303
51.5,-0.0685,34.7688
51.6,-0.0684,34.8073
51.7,-0.0683,34.8457
51.8,-0.0682,34.884
51.9,-0.0681,34.9223
52,-0.068,34.9606
52.1,-0.0679,34.9988
52.2,-0.0678,35.037
52.3,-0.0677,35.0752
52.4,-0.0676,35.1133
52.5,-0.0675,35.1514
52.6,-0.0674,35.1894
52.7,-0.0673,35.2274
52.8,-0.0672,35.2653
52.9,-0.0671,35.3032
53,-0.067,35.3411
53.1,-0.0669,35.3789
53.2,-0.0668,35.4166
53.3,-0.0667,35.4544
53.4,-0.0666,35.492
53.5,-0.0665,35.5297
53.6,-0.0664,35.5673
53.7,-0.0663,35.6048
53.8,-0.0662,35.6423
53.9,-0.0661,35.6798
54,-0.066,35.7172
54.1,-0.0659,35.7546
54.2,-0.0658,35.7919
54.3,-0.0657,35.8292
54.4,-0.0656,35.8665
54.5,-0.0655,35.9037
54.6,-0.0654,35.9408
54.7,-0.0653,35.9779
54.8,-0.0652,36.015
54.9,-0.0651,36.052
55,-0.065,36.089
55.1,-0.0649,36.1259
55.2,-0.0648,36.1628
55.3,-0.0647,36.1996
55.4,-0.0646,36.2364
55.5,-0.0645,36.2732
55.6,-0.0644,36.3099
55.7,-0.0643,36.3466
55.8,-0.0642,36.3832
55.9,-0.0641,36.4197
56,-0.064,36.4563
56.1,-0.0639,36.4927
56.2,-0.0638,36.5292
56.3,-0.0637,36.5656
56.4,-0.0636,36.6019
56.5,-0.0635,36.6382
56.6,-0.0634,36.6744
56.7,-0.0633,36.7106
56.8,-0.0632,36.7468
56.9,-0.0631,36.7829
57,-0.063,36.819
57.1,-0.0629,36.855
57.2,-0.0628,36.8909
57.3,-0.0627,36.9269
57.4,-0.0626,36.9627
57.5,-0.0625,36.9986
57.6,-0.0624,37.0344
57.7,-0.0623,37.0701
57.8,-0.0622,37.1058
57.9,-0.0621,37.1414
58,-0.062,37.177
58.1,-0.0619,37.2126
58.2,-0.0618,37.2481
58.3,-0.0617,37.2835
58.4,-0.0616,37.319
58.5,-0.0615,37.3543
58.6,-0.0614,37.3896
58.7,-0.0613,37.4249
58.8,-0.0612,37.4601
58.9,-0.0611,37.4953
59,-0.061,37.5304
59.1,-0.0609,37.5655
59.2,-0.0608,37.6005
59.3,-0.0607,37.6355
59.4,-0.0606,37.6705
59.5,-0.0605,37.7053
59.6,-0.0604,37.7402
59.7,-0.0603,37.775
59.8,-0.0602,37.8097
59.9,-0.0601,37.8444
60,-0.06,37.8791
60.1,-0.0599,37.9137
60.2,-0.0598,37.9482
60.3,-0.0597,37.9827
60.4,-0.0596,38.0172
60.5,-0.0595,38.0516
60.6,-0.0594,38.086
60.7,-0.0593,38.1203
60.8,-0.0592,38.1546
60.9,-0.0591,38.1888
61,-0.059,38.2229
61.1,-0.0589,38.2571
61.2,-0.0588,38.2911
61.3,-0.0587,38.3252
61.4,-0.0586,38.3591
61.5,-0.0585,38.3931
61.6,-0.0584,38.4269
61.7,-0.0583,38.4608
61.8,-0.0582,38.4946
61.9,-0.0581,38.5283
62,-0.058,38.562
62.1,-0.0579,38.5956
62.2,-0.0578,38.6292
62.3,-0.0577,38.6627
62.4,-0.0576,38.6962
62.5,-0.0575,38.7297
62.6,-0.0574,38.763
62.7,-0.0573,38.7964
62.8,-0.0572,38.8297
62.9,-0.0571,38.8629
63,-0.057,38.8961
63.1,-0.0569,38.9293
63.2,-0.0568,38.9624
63.3,-0.0567,38.9954
63.4,-0.0566,39.0284
63.5,-0.0565,39.0613
63.6,-0.0564,39.0942
63.7,-0.0563,39.1271
63.8,-0.0562,39.1599
63.9,-0.0561,39.1926
64,-0.056,39.2253
64.1,-0.0559,39.258
64.2,-0.0558,39.2906
64.3,-0.0557,39.3231
64.4,-0.0556,39.3556
64.5,-0.0555,39.3881
64.6,-0.0554,39.4205
64.7,-0.0553,39.4529
64.8,-0.0552,39.4852
64.9,-0.0551,39.5174
65,-0.055,39.5496
65.1,-0.0549,39.5818
65.2,-0.0548,39.6139
65.3,-0.0547,39.6459
65.4,-0.0546,39.678
65.5,-0.0545,39.7099
65.6,-0.0544,39.7418
65.7,-0.0543,39.7737
65.8,-0.0542,39.8055
65.9,-0.0541,39.8372
66,-0.054,39.869
66.1,-0.0539,39.9006
66.2,-0.0538,39.9322
66.3,-0.0537,39.9638
66.4,-0.0536,39.9953
66.5,-0.0535,40.0268
66.6,-0.0534,40.0582
66.7,-0.0533,40.0896
66.8,-0.0532,40.1209
66.9,-0.0531,40.1521
67,-0.053,40.1834
67.1,-0.0529,40.2145
67.2,-0.0528,40.2457
67.3,-0.0527,40.2767
67.4,-0.0526,40.3078
67.5,-0.0525,40.3387
67.6,-0.0524,40.3697
67.7,-0.0523,40.4005
67.8,-0.0522,40.4314
67.9,-0.0521,40.4621
68,-0.052,40.4929
68.1,-0.0519,40.5235
68.2,-0.0518,40.5542
68.3,-0.0517,40.5847
68.4,-0.0516,40.6153
68.5,-0.0515,40.6458
68.6,-0.0514,40.6762
68.7,-0.0513,40.7066
68.8,-0.0512,40.7369
68.9,-0.0511,40.7672
69,-0.051,40.7974
69.1,-0.0509,40.8276
69.2,-0.0508,40.8577
69.3,-0.0507,40.8878
69.4,-0.0506,40.9179
69.5,-0.0505,40.9479
69.6,-0.0504,40.9778
69.7,-0.0503,41.0077
69.8,-0.0502,41.0375
69.9,-0.0501,41.0673
70,-0.05,41.097
70.1,-0.0499,41.1267
70.2,-0.0498,41.1564
70.3,-0.0497,41.186
70.4,-0.0496,41.2155
70.5,-0.0495,41.245
70.6,-0.0494,41.2745
70.7,-0.0493,41.3038
70.8,-0.0492,41.3332
70.9,-0.0491,41.3625
71,-0.049,41.3917
71.1,-0.0489,41.4209
71.2,-0.0488,41.4501
71.3,-0.0487,41.4792
71.4,-0.0486,41.5082
71.5,-0.0485,41.5372
71.6,-0.0484,41.5662
71.7,-0.0483,41.595
71.8,-0.0482,41.6239
71.9,-0.0481,41.6527
72,-0.048,41.6814
72.1,-0.0479,41.7101
72.2,-0.0478,41.7388
72.3,-0.0477,41.7674
72.4,-0.0476,41.7959
72.5,-0.0475,41.8244
72.6,-0.0474,41.8529
72.7,-0.0473,41.8813
72.8,-0.0472,41.9097
72.9,-0.0471,41.938
73,-0.047,41.9663
73.1,-0.0469,41.9945
73.2,-0.0468,42.0227
73.3,-0.0467,42.0508
73.4,-0.0466,42.0789
73.5,-0.0465,42.1069
73.6,-0.0464,42.1349
73.7,-0.0463,42.1629
73.8,-0.0462,42.1908
73.9,-0.0461,42.2186
74,-0.046,42.2464
74.1,-0.0459,42.2742
74.2,-0.0458,42.3019
74.3,-0.0457,42.3295
74.4,-0.0456,42.3571
74.5,-0.0455,42.3846
74.6,-0.0454,42.4121
74.7,-0.0453,42.4396
74.8,-0.0452,42.467
74.9,-0.0451,42.4943
75,-0.045,42.5216
75.1,-0.0449,42.5489
75.2,-0.0448,42.5761
75.3,-0.0447,42.6032
75.4,-0.0446,42.6303
75.5,-0.0445,42.6574
75.6,-0.0444,42.6844
75.7,-0.0443,42.7113
75.8,-0.0442,42.7383
75.9,-0.0441,42.7651
76,-0.044,42.7919
76.1,-0.0439,42.8187
76.2,-0.0438,42.8455
76.3,-0.0437,42.8722
76.4,-0.0436,42.8988
76.5,-0.0435,42.9255
76.6,-0.0434,42.952
76.7,-0.0433,42.9786
76.8,-0.0432,43.005
76.9,-0.0431,43.0315
77,-0.043,43.0578
77.1,-0.0429,43.0841
77.2,-0.0428,43.1104
77.3,-0.0427,43.1366
77.4,-0.0426,43.1627
77.5,-0.0425,43.1888
77.6,-0.0424,43.2149
77.7,-0.0423,43.2409
77.8,-0.0422,43.2669
77.9,-0.0421,43.2928
78,-0.042,43.3188
78.1,-0.0419,43.3446
78.2,-0.0418,43.3704
78.3,-0.0417,43.3962
78.4,-0.0416,43.4219
78.5,-0.0415,43.4475
78.6,-0.0414,43.4731
78.7,-0.0413,43.4987
78.8,-0.0412,43.5243
78.9,-0.0411,43.5497
79,-0.041,43.575
79.1,-0.0409,43.6005
79.2,-0.0408,43.6258
79.3,-0.0407,43.6512
79.4,-0.0406,43.6765
79.5,-0.0405,43.7016
79.6,-0.0404,43.7267
79.7,-0.0403,43.7518
79.8,-0.0402,43.7769
79.9,-0.0401,43.8019
80,-0.04,43.8269
80.1,-0.0399,43.8518
80.2,-0.0398,43.8767
80.3,-0.0397,43.9015
80.4,-0.0396,43.9263
80.5,-0.0395,43.9511
80.6,-0.0394,43.9757
80.7,-0.0393,44.0004
80.8,-0.0392,44.025
80.9,-0.0391,44.0496
81,-0.039,44.0741
81.1,-0.0389,44.0986
81.2,-0.0388,44.123
81.3,-0.0387,44.1474
81.4,-0.0386,44.1717
81.5,-0.0385,44.196
81.6,-0.0384,44.2203
81.7,-0.0383,44.2445
81.8,-0.0382,44.2686
81.9,-0.0381,44.2927
82,-0.038,44.3168
82.1,-0.0379,44.3408
82.2,-0.0378,44.3648
82.3,-0.0377,44.3888
82.4,-0.0376,44.4127
82.5,-0.0375,44.4365
82.6,-0.0374,44.4603
82.7,-0.0373,44.4841
82.8,-0.0372,44.5078
82.9,-0.0371,44.5315
83,-0.037,44.5551
83.1,-0.0369,44.5787
83.2,-0.0368,44.6023
83.3,-0.0367,44.6258
83.4,-0.0366,44.6492
83.5,-0.0365,44.6726
83.6,-0.0364,44.696
83.7,-0.0363,44.7193
83.8,-0.0362,44.7426
83.9,-0.0361,44.7658
84,-0.036,44.789
84.1,-0.0359,44.8122
84.2,-0.0358,44.8353
84.3,-0.0357,44.8584
84.4,-0.0356,44.8814
84.5,-0.0355,44.9044
84.6,-0.0354,44.9273
84.7,-0.0353,44.9502
84.8,-0.0352,44.9731
84.9,-0.0351,44.9959
85,-0.035,45.0187
85.1,-0.0349,45.0414
85.2,-0.0348,45.0641
85.3,-0.0347,45.0867
85.4,-0.0346,45.1093
85.5,-0.0345,45.1319
85.6,-0.0344,45.1544
85.7,-0.0343,45.1769
85.8,-0.0342,45.1993
85.9,-0.0341,45.2217
86,-0.034,45.244
86.1,-0.0339,45.2663
86.2,-0.0338,45.2886
86.3,-0.0337,45.3108
86.4,-0.0336,45.333
86.5,-0.0335,45.3551
86.6,-0.0334,45.3772
86.7,-0.0333,45.3993
86.8,-0.0332,45.4213
86.9,-0.0331,45.4433
87,-0.033,45.4652
87.1,-0.0329,45.4871
87.2,-0.0328,45.509
87.3,-0.0327,45.5308
87.4,-0.0326,45.5526
87.5,-0.0325,45.5743
87.6,-0.0324,45.596
87.7,-0.0323,45.6176
87.8,-0.0322,45.6392
87.9,-0.0321,45.6608
88,-0.032,45.6823
88.1,-0.0319,45.7038
88.2,-0.0318,45.7252
88.3,-0.0317,45.7466
88.4,-0.0316,45.768
88.5,-0.0315,45.7893
88.6,-0.0314,45.8106
88.7,-0.0313,45.8319
88.8,-0.0312,45.8531
88.9,-0.0311,45.8742
89,-0.031,45.8954
89.1,-0.0309,45.9164
89.2,-0.0308,45.9375
89.3,-0.0307,45.9585
89.4,-0.0306,45.9795
89.5,-0.0305,46.0004
89.6,-0.0304,46.0213
89.7,-0.0303,46.0421
89.8,-0.0302,46.0629
89.9,-0.0301,46.0837
90,-0.03,46.1044
90.1,-0.0299,46.1251
90.2,-0.0298,46.1458
90.3,-0.0297,46.1664
90.4,-0.0296,46.187
90.5,-0.0295,46.2075
90.6,-0.0294,46.228
90.7,-0.0293,46.2485
90.8,-0.0292,46.2689
90.9,-0.0291,46.2893
91,-0.029,46.3096
91.1,-0.0289,46.3299
91.2,-0.0288,46.3502
91.3,-0.0287,46.3704
91.4,-0.0286,46.3906
91.5,-0.0285,46.4107
91.6,-0.0284,46.4309
91.7,-0.0283,46.4509
91.8,-0.0282,46.471
91.9,-0.0281,46.491
92,-0.028,46.5109
92.1,-0.0279,46.5309
92.2,-0.0278,46.5507
92.3,-0.0277,46.5706
92.4,-0.0276,46.5904
92.5,-0.0275,46.6102
92.6,-0.0274,46.6299
92.7,-0.0273,46.6496
92.8,-0.0272,46.6693
92.9,-0.0271,46.6889
93,-0.027,46.7085
93.1,-0.0269,46.7281
93.2,-0.0268,46.7476
93.3,-0.0267,46.767
93.4,-0.0266,46.7865
93.5,-0.0265,46.8059
93.6,-0.0264,46.8253
93.7,-0.0263,46.8446
93.8,-0.0262,46.8639
93.9,-0.0261,46.8832
94,-0.026,46.9024
94.1,-0.0259,46.9216
94.2,-0.0258,46.9407
94.3,-0.0257,46.9598
94.4,-0.0256,46.9789
94.5,-0.0255,46.998
94.6,-0.0254,47.017
94.7,-0.0253,47.0359
94.8,-0.0252,47.0549
94.9,-0.0251,47.0738
95,-0.025,47.0926
95.1,-0.0249,47.1115
95.2,-0.0248,47.1303
95.3,-0.0247,47.149
95.4,-0.0246,47.1678
95.5,-0.0245,47.1864
95.6,-0.0244,47.2051
95.7,-0.0243,47.2237
95.8,-0.0242,47.2423
95.9,-0.0241,47.2608
96,-0.024,47.2794
96.1,-0.0239,47.2978
96.2,-0.0238,47.3163
96.3,-0.0237,47.3347
96.4,-0.0236,47.3531
96.5,-0.0235,47.3714
96.6,-0.0234,47.3897
96.7,-0.0233,47.408
96.8,-0.0232,47.4262
96.9,-0.0231,47.4444
97,-0.023,47.4626
97.1,-0.0229,47.4807
97.2,-0.0228,47.4988
97.3,-0.0227,47.5169
97.4,-0.0226,47.5349
97.5,-0.0225,47.5529
97.6,-0.0224,47.5709
97.7,-0.0223,47.5888
97.8,-0.0222,47.6067
97.9,-0.0221,47.6246
98,-0.022,47.6424
98.1,-0.0219,47.6602
98.2,-0.0218,47.678
98.3,-0.0217,47.6957
98.4,-0.0216,47.7134
98.5,-0.0215,47.7311
98.6,-0.0214,47.7487
98.7,-0.0213,47.7663
98.8,-0.0212,47.7839
98.9,-0.0211,47.8015
99,-0.021,47.819
99.1,-0.0209,47.8364
99.2,-0.0208,47.8539
99.3,-0.0207,47.8713
99.4,-0.0206,47.8886
99.5,-0.0205,47.906
99.6,-0.0204,47.9233
99.7,-0.0203,47.9406
99.8,-0.0202,47.9578
99.9,-0.0201,47.975
100,-0.02,47.9922
100.1,-0.0199,48.0094
100.2,-0.0198,48.0265
100.3,-0.0197,48.0436
100.4,-0.0196,48.0606
100.5,-0.0195,48.0776
100.6,-0.0194,48.0946
100.7,-0.0193,48.1116
100.8,-0.0192,48.1285
100.9,-0.0191,48.1454
101,-0.019,48.1623
101.1,-0.0189,48.1791
101.2,-0.0188,48.1959
101.3,-0.0187,48.2127
101.4,-0.0186,48.2294
101.5,-0.0185,48.2461
101.6,-0.0184,48.2628
101.7,-0.0183,48.2795
101.8,-0.0182,48.2961
101.9,-0.0181,48.3127
102,-0.018,48.3292
102.1,-0.0179,48.3458
102.2,-0.0178,48.3623
102.3,-0.0177,48.3787
102.4,-0.0176,48.3952
102.5,-0.0175,48.4116
102.6,-0.0174,48.4279
102.7,-0.0173,48.4443
102.8,-0.0172,48.4606
102.9,-0.0171,48.4769
103,-0.017,48.4931
103.1,-0.0169,48.5094
103.2,-0.0168,48.5256
103.3,-0.0167,48.5417
103.4,-0.0166,48.5579
103.5,-0.0165,48.574
103.6,-0.0164,48.5901
103.7,-0.0163,48.6061
103.8,-0.0162,48.6221
103.9,-0.0161,48.6381
104,-0.016,48.6541
104.1,-0.0159,48.67
104.2,-0.0158,48.6859
104.3,-0.0157,48.7018
104.4,-0.0156,48.7176
104.5,-0.0155,48.7335
104.6,-0.0154,48.7492
104.7,-0.0153,48.765
104.8,-0.0152,48.7807
104.9,-0.0151,48.7964
105,-0.015,48.8121
105.1,-0.0149,48.8278
105.2,-0.0148,48.8434
105.3,-0.0147,48.859
105.4,-0.0146,48.8745
105.5,-0.0145,48.8901
105.6,-0.0144,48.9056
105.7,-0.0143,48.9211
105.8,-0.0142,48.9365
105.9,-0.0141,48.9519
106,-0.014,48.9673
106.1,-0.0139,48.9827
106.2,-0.0138,48.998
106.3,-0.0137,49.0133
106.4,-0.0136,49.0286
106.5,-0.0135,49.0439
106.6,-0.0134,49.0591
106.7,-0.0133,49.0743
106.8,-0.0132,49.0895
106.9,-0.0131,49.1046
107,-0.013,49.1198
107.1,-0.0129,49.1349
107.2,-0.0128,49.1499
107.3,-0.0127,49.165
107.4,-0.0126,49.18
107.5,-0.0125,49.195
107.6,-0.0124,49.2099
107.7,-0.0123,49.2248
107.8,-0.0122,49.2398
107.9,-0.0121,49.2546
108,-0.012,49.2695
108.1,-0.0119,49.2843
108.2,-0.0118,49.2991
108.3,-0.0117,49.3139
108.4,-0.0116,49.3286
108.5,-0.0115,49.3434
108.6,-0.0114,49.358
108.7,-0.0113,49.3727
108.8,-0.0112,49.3874
108.9,-0.0111,49.402
109,-0.011,49.4166
109.1,-0.0109,49.4311
109.2,-0.0108,49.4457
109.3,-0.0107,49.4602
109.4,-0.0106,49.4747
109.5,-0.0105,49.4891
109.6,-0.0104,49.5036
109.7,-0.0103,49.518
109.8,-0.0102,49.5324
109.9,-0.0101,49.5467
110,-0.01,49.5611
110.1,-0.0099,49.5754
110.2,-0.0098,49.5897
110.3,-0.0097,49.6039
110.4,-0.0096,49.6182
110.5,-0.0095,49.6324
110.6,-0.0094,49.6466
110.7,-0.0093,49.6608
110.8,-0.0092,49.6749
110.9,-0.0091,49.689
111,-0.009,49.7031
111.1,-0.0089,49.7172
111.2,-0.0088,49.7312
111.3,-0.0087,49.7452
111.4,-0.0086,49.7592
111.5,-0.0085,49.7732
111.6,-0.0084,49.7871
111.7,-0.0083,49.801
111.8,-0.0082,49.8149
111.9,-0.0081,49.8288
112,-0.008,49.8427
112.1,-0.0079,49.8565
112.2,-0.0078,49.8703
112.3,-0.0077,49.8841
112.4,-0.0076,49.8978
112.5,-0.0075,49.9116
112.6,-0.0074,49.9253
112.7,-0.0073,49.9389
112.8,-0.0072,49.9526
112.9,-0.0071,49.9662
113,-0.007,49.9799
113.1,-0.0069,49.9935
113.2,-0.0068,50.007
113.3,-0.0067,50.0206
113.4,-0.0066,50.0341
113.5,-0.0065,50.0476
113.6,-0.0064,50.0611
113.7,-0.0063,50.0745
113.8,-0.0062,50.0879
113.9,-0.0061,50.1013
114,-0.006,50.1147
114.1,-0.0059,50.1281
114.2,-0.0058,50.1414
114.3,-0.0057,50.1548
114.4,-0.0056,50.168
114.5,-0.0055,50.1813
114.6,-0.0054,50.1946
114.7,-0.0053,50.2078
114.8,-0.0052,50.221
114.9,-0.0051,50.2342
115,-0.005,50.2473
115.1,-0.0049,50.2605
115.2,-0.0048,50.2736
115.3,-0.0047,50.2867
115.4,-0.0046,50.2998
115.5,-0.0045,50.3128
115.6,-0.0044,50.3259
115.7,-0.0043,50.3389
115.8,-0.0042,50.3518
115.9,-0.0041,50.3648
116,-0.004,50.3778
116.1,-0.0039,50.3907
116.2,-0.0038,50.4036
116.3,-0.0037,50.4165
116.4,-0.0036,50.4293
116.5,-0.0035,50.4422
116.6,-0.0034,50.455
116.7,-0.0033,50.4678
116.8,-0.0032,50.4805
116.9,-0.0031,50.4933
117,-0.003,50.506
117.1,-0.0029,50.5187
117.2,-0.0028,50.5314
117.3,-0.0027,50.5441
117.4,-0.0026,50.5567
117.5,-0.0025,50.5694
117.6,-0.0024,50.582
117.7,-0.0023,50.5946
117.8,-0.0022,50.6071
117.9,-0.0021,50.6197
118,-0.002,50.6322
118.1,-0.0019,50.6447
118.2,-0.0018,50.6572
118.3,-0.0017,50.6697
118.4,-0.0016,50.6821
118.5,-0.0015,50.6945
118.6,-0.0014,50.7069
118.7,-0.0013,50.7193
118.8,-0.0012,50.7317
118.9,-0.0011,50.744
119,-0.001,50.7563
119.1,-0.0009,50.7687
119.2,-0.0008,50.7809
119.3,-0.0007,50.7932
119.4,-0.0006,50.8055
119.5,-0.0005,50.8177
119.6,-0.0004,50.8299
119.7,-0.0003,50.8421
119.8,-0.0002,50.8542
119.9,-0.0001,50.8664
120,1.90374e-17,50.8785
120.1,0.0001,50.8906
120.2,0.0002,50.9027
120.3,0.0003,50.9148
120.4,0.0004,50.9269
120.5,0.0005,50.9389
120.6,0.0006,50.9509
120.7,0.0007,50.9629
120.8,0.0008,50.9749
120.9,0.0009,50.9868
121,0.001,50.9988
121.1,0.0011,51.0107
121.2,0.0012,51.0226
121.3,0.0013,51.0345
121.4,0.0014,51.0464
121.5,0.0015,51.0582
121.6,0.0016,51.07
121.7,0.0017,51.0818
121.8,0.0018,51.0936
121.9,0.0019,51.1054
122,0.002,51.1172
122.1,0.0021,51.1289
122.2,0.0022,51.1406
122.3,0.0023,51.1523
122.4,0.0024,51.164
122.5,0.0025,51.1757
122.6,0.0026,51.1873
122.7,0.0027,51.199
122.8,0.0028,51.2106
122.9,0.0029,51.2222
123,0.003,51.2337
123.1,0.0031,51.2453
123.2,0.0032,51.2569
123.3,0.0033,51.2684
123.4,0.0034,51.2799
123.5,0.0035,51.2914
123.6,0.0036,51.3028
123.7,0.0037,51.3143
123.8,0.0038,51.3257
123.9,0.0039,51.3372
124,0.004,51.3486
124.1,0.0041,51.3599
124.2,0.0042,51.3713
124.3,0.0043,51.3827
124.4,0.0044,51.394
124.5,0.0045,51.4053
124.6,0.0046,51.4166
124.7,0.0047,51.4279
124.8,0.0048,51.4392
124.9,0.0049,51.4504
125,0.005,51.4616
125.1,0.0051,51.4729
125.2,0.0052,51.4841
125.3,0.0053,51.4952
125.4,0.0054,51.5064
125.5,0.0055,51.5176
125.6,0.0056,51.5287
125.7,0.0057,51.5398
125.8,0.0058,51.5509
125.9,0.0059,51.562
126,0.006,51.5731
126.1,0.0061,51.5841
126.2,0.0062,51.5951
126.3,0.0063,51.6062
126.4,0.0064,51.6172
126.5,0.0065,51.6282
126.6,0.0066,51.6391
126.7,0.0067,51.6501
126.8,0.0068,51.661
126.9,0.0069,51.6719
127,0.007,51.6829
127.1,0.0071,51.6937
127.2,0.0072,51.7046
127.3,0.0073,51.7155
127.4,0.0074,51.7263
127.5,0.0075,51.7372
127.6,0.0076,51.748
127.7,0.0077,51.7588
127.8,0.0078,51.7696
127.9,0.0079,51.7803
128,0.008,51.7911
128.1,0.0081,51.8018
128.2,0.0082,51.8125
128.3,0.0083,51.8232
128.4,0.0084,51.8339
128.5,0.0085,51.8446
128.6,0.0086,51.8553
128.7,0.0087,51.8659
128.8,0.0088,51.8765
128.9,0.0089,51.8872
129,0.009,51.8978
129.1,0.0091,51.9084
129.2,0.0092,51.9189
129.3,0.0093,51.9295
129.4,0.0094,51.94
129.5,0.0095,51.9506
129.6,0.0096,51.9611
129.7,0.0097,51.9716
129.8,0.0098,51.982
129.9,0.0099,51.9925
130,0.01,52.003
130.1,0.0101,52.0134
130.2,0.0102,52.0238
130.3,0.0103,52.0342
130.4,0.0104,52.0446
130.5,0.0105,52.055
130.6,0.0106,52.0654
130.7,0.0107,52.0758
130.8,0.0108,52.0861
130.9,0.0109,52.0964
131,0.011,52.1067
131.1,0.0111,52.117
131.2,0.0112,52.1273
131.3,0.0113,52.1376
131.4,0.0114,52.1478
131.5,0.0115,52.1581
131.6,0.0116,52.1683
131.7,0.0117,52.1785
131.8,0.0118,52.1887
131.9,0.0119,52.1989
132,0.012,52.2091
132.1,0.0121,52.2192
132.2,0.0122,52.2294
132.3,0.0123,52.2395
132.4,0.0124,52.2496
132.5,0.0125,52.2598
132.6,0.0126,52.2698
132.7,0.0127,52.2799
132.8,0.0128,52.29
132.9,0.0129,52.3
133,0.013,52.3101
133.1,0.0131,52.3201
133.2,0.0132,52.3301
133.3,0.0133,52.3401
133.4,0.0134,52.3501
133.5,0.0135,52.3601
133.6,0.0136,52.37
133.7,0.0137,52.38
133.8,0.0138,52.3899
133.9,0.0139,52.3998
134,0.014,52.4098
134.1,0.0141,52.4197
134.2,0.0142,52.4295
134.3,0.0143,52.4394
134.4,0.0144,52.4493
134.5,0.0145,52.4591
134.6,0.0146,52.4689
134.7,0.0147,52.4788
134.8,0.0148,52.4886
134.9,0.0149,52.4984
135,0.015,52.5081
135.1,0.0151,52.5179
135.2,0.0152,52.5277
135.3,0.0153,52.5374
135.4,0.0154,52.5471
135.5,0.0155,52.5569
135.6,0.0156,52.5666
135.7,0.0157,52.5763
135.8,0.0158,52.586
135.9,0.0159,52.5956
136,0.016,52.6053
136.1,0.0161,52.6149
136.2,0.0162,52.6246
136.3,0.0163,52.6342
136.4,0.0164,52.6438
136.5,0.0165,52.6534
136.6,0.0166,52.663
136.7,0.0167,52.6726
136.8,0.0168,52.6821
136.9,0.0169,52.6917
137,0.017,52.7012
137.1,0.0171,52.7107
137.2,0.0172,52.7203
137.3,0.0173,52.7298
137.4,0.0174,52.7393
137.5,0.0175,52.7487
137.6,0.0176,52.7582
137.7,0.0177,52.7677
137.8,0.0178,52.7771
137.9,0.0179,52.7865
138,0.018,52.796
138.1,0.0181,52.8054
138.2,0.0182,52.8148
138.3,0.0183,52.8242
138.4,0.0184,52.8336
138.5,0.0185,52.8429
138.6,0.0186,52.8523
138.7,0.0187,52.8616
138.8,0.0188,52.871
138.9,0.0189,52.8803
139,0.019,52.8896
139.1,0.0191,52.8989
139.2,0.0192,52.9082
139.3,0.0193,52.9175
139.4,0.0194,52.9267
139.5,0.0195,52.936
139.6,0.0196,52.9452
139.7,0.0197,52.9545
139.8,0.0198,52.9637
139.9,0.0199,52.9729
140,0.02,52.9821
140.1,0.0201,52.9913
140.2,0.0202,53.0005
140.3,0.0203,53.0097
140.4,0.0204,53.0188
140.5,0.0205,53.028
140.6,0.0206,53.0371
140.7,0.0207,53.0462
140.8,0.0208,53.0553
140.9,0.0209,53.0645
141,0.021,53.0736
141.1,0.0211,53.0826
141.2,0.0212,53.0917
141.3,0.0213,53.1008
141.4,0.0214,53.1098
141.5,0.0215,53.1189
141.6,0.0216,53.1279
141.7,0.0217,53.1369
141.8,0.0218,53.146
141.9,0.0219,53.155
142,0.022,53.164
142.1,0.0221,53.1729
142.2,0.0222,53.1819
142.3,0.0223,53.1909
142.4,0.0224,53.1998
142.5,0.0225,53.2088
142.6,0.0226,53.2177
142.7,0.0227,53.2266
142.8,0.0228,53.2356
142.9,0.0229,53.2445
143,0.023,53.2534
143.1,0.0231,53.2622
143.2,0.0232,53.2711
143.3,0.0233,53.28
143.4,0.0234,53.2888
143.5,0.0235,53.2977
143.6,0.0236,53.3065
143.7,0.0237,53.3153
143.8,0.0238,53.3242
143.9,0.0239,53.333
144,0.024,53.3418
144.1,0.0241,53.3506
144.2,0.0242,53.3593
144.3,0.0243,53.3681
144.4,0.0244,53.3769
144.5,0.0245,53.3856
144.6,0.0246,53.3944
144.7,0.0247,53.4031
144.8,0.0248,53.4118
144.9,0.0249,53.4205
145,0.025,53.4292
145.1,0.0251,53.4379
145.2,0.0252,53.4466
145.3,0.0253,53.4553
145.4,0.0254,53.464
145.5,0.0255,53.4726
145.6,0.0256,53.4813
145.7,0.0257,53.4899
145.8,0.0258,53.4986
145.9,0.0259,53.5072
146,0.026,53.5158
146.1,0.0261,53.5244
146.2,0.0262,53.533
146.3,0.0263,53.5416
146.4,0.0264,53.5502
146.5,0.0265,53.5587
146.6,0.0266,53.5673
146.7,0.0267,53.5758
146.8,0.0268,53.5844
146.9,0.0269,53.5929
147,0.027,53.6014
147.1,0.0271,53.61
147.2,0.0272,53.6185
147.3,0.0273,53.627
147.4,0.0274,53.6355
147.5,0.0275,53.6439
147.6,0.0276,53.6524
147.7,0.0277,53.6609
147.8,0.0278,53.6693
147.9,0.0279,53.6778
148,0.028,53.6862
148.1,0.0281,53.6947
148.2,0.0282,53.7031
148.3,0.0283,53.7115
148.4,0.0284,53.7199
148.5,0.0285,53.7283
148.6,0.0286,53.7367
148.7,0.0287,53.7451
148.8,0.0288,53.7535
148.9,0.0289,53.7618
149,0.029,53.7702
149.1,0.0291,53.7785
149.2,0.0292,53.7869
149.3,0.0293,53.7952
149.4,0.0294,53.8035
149.5,0.0295,53.8119
149.6,0.0296,53.8202
149.7,0.0297,53.8285
149.8,0.0298,53.8368
149.9,0.0299,53.8451
150,0.03,53.8533
150.1,0.0301,53.8616
150.2,0.0302,53.8699
150.3,0.0303,53.8781
150.4,0.0304,53.8864
150.5,0.0305,53.8946
150.6,0.0306,53.9028
150.7,0.0307,53.9111
150.8,0.0308,53.9193
150.9,0.0309,53.9275
151,0.031,53.9357
151.1,0.0311,53.9439
151.2,0.0312,53.9521
151.3,0.0313,53.9603
151.4,0.0314,53.9684
151.5,0.0315,53.9766
151.6,0.0316,53.9847
151.7,0.0317,53.9929
151.8,0.0318,54.001
151.9,0.0319,54.0092
152,0.032,54.0173
152.1,0.0321,54.0254
152.2,0.0322,54.0335
152.3,0.0323,54.0416
152.4,0.0324,54.0497
152.5,0.0325,54.0578
152.6,0.0326,54.0659
152.7,0.0327,54.074
152.8,0.0328,54.082
152.9,0.0329,54.0901
153,0.033,54.0981
153.1,0.0331,54.1062
153.2,0.0332,54.1142
153.3,0.0333,54.1223
153.4,0.0334,54.1303
153.5,0.0335,54.1383
153.6,0.0336,54.1463
153.7,0.0337,54.1543
153.8,0.0338,54.1623
153.9,0.0339,54.1703
154,0.034,54.1783
154.1,0.0341,54.1862
154.2,0.0342,54.1942
154.3,0.0343,54.2022
154.4,0.0344,54.2101
154.5,0.0345,54.2181
154.6,0.0346,54.226
154.7,0.0347,54.234
154.8,0.0348,54.2419
154.9,0.0349,54.2498
155,0.035,54.2577
155.1,0.0351,54.2656
155.2,0.0352,54.2735
155.3,0.0353,54.2814
155.4,0.0354,54.2893
155.5,0.0355,54.2972
155.6,0.0356,54.305
155.7,0.0357,54.3129
155.8,0.0358,54.3208
155.9,0.0359,54.3286
156,0.036,54.3365
156.1,0.0361,54.3443
156.2,0.0362,54.3521
156.3,0.0363,54.36
156.4,0.0364,54.3678
156.5,0.0365,54.3756
156.6,0.0366,54.3834
156.7,0.0367,54.3912
156.8,0.0368,54.399
156.9,0.0369,54.4068
157,0.037,54.4146
157.1,0.0371,54.4224
157.2,0.0372,54.4301
157.3,0.0373,54.4379
157.4,0.0374,54.4456
157.5,0.0375,54.4534
157.6,0.0376,54.4611
157.7,0.0377,54.4689
157.8,0.0378,54.4766
157.9,0.0379,54.4843
158,0.038,54.4921
158.1,0.0381,54.4998
158.2,0.0382,54.5075
158.3,0.0383,54.5152
158.4,0.0384,54.5229
158.5,0.0385,54.5306
158.6,0.0386,54.5383
158.7,0.0387,54.5459
158.8,0.0388,54.5536
158.9,0.0389,54.5613
159,0.039,54.5689
159.1,0.0391,54.5766
159.2,0.0392,54.5842
159.3,0.0393,54.5919
159.4,0.0394,54.5995
159.5,0.0395,54.6071
159.6,0.0396,54.6148
159.7,0.0397,54.6224
159.8,0.0398,54.63
159.9,0.0399,54.6376
160,0.04,54.6452
160.1,0.0401,54.6528
160.2,0.0402,54.6604
160.3,0.0403,54.668
160.4,0.0404,54.6756
160.5,0.0405,54.6831
160.6,0.0406,54.6907
160.7,0.0407,54.6983
160.8,0.0408,54.7058
160.9,0.0409,54.7134
161,0.041,54.7209
161.1,0.0411,54.7284
161.2,0.0412,54.736
161.3,0.0413,54.7435
161.4,0.0414,54.751
161.5,0.0415,54.7586
161.6,0.0416,54.7661
161.7,0.0417,54.7736
161.8,0.0418,54.7811
161.9,0.0419,54.7886
162,0.042,54.7961
162.1,0.0421,54.8035
162.2,0.0422,54.811
162.3,0.0423,54.8185
162.4,0.0424,54.826
162.5,0.0425,54.8334
162.6,0.0426,54.8409
162.7,0.0427,54.8483
162.8,0.0428,54.8558
162.9,0.0429,54.8632
163,0.043,54.8707
163.1,0.0431,54.8781
163.2,0.0432,54.8855
163.3,0.0433,54.8929
163.4,0.0434,54.9004
163.5,0.0435,54.9078
163.6,0.0436,54.9152
163.7,0.0437,54.9226
163.8,0.0438,54.93
163.9,0.0439,54.9374
164,0.044,54.9447
164.1,0.0441,54.9521
164.2,0.0442,54.9595
164.3,0.0443,54.9669
164.4,0.0444,54.9742
164.5,0.0445,54.9816
164.6,0.0446,54.9889
164.7,0.0447,54.9963
164.8,0.0448,55.0036
164.9,0.0449,55.011
165,0.045,55.0183
165.1,0.0451,55.0256
165.2,0.0452,55.033
165.3,0.0453,55.0403
165.4,0.0454,55.0476
165.5,0.0455,55.0549
165.6,0.0456,55.0622
165.7,0.0457,55.0695
165.8,0.0458,55.0768
165.9,0.0459,55.0841
166,0.046,55.0914
166.1,0.0461,55.0987
166.2,0.0462,55.106
166.3,0.0463,55.1132
166.4,0.0464,55.1205
166.5,0.0465,55.1278
166.6,0.0466,55.135
166.7,0.0467,55.1423
166.8,0.0468,55.1495
166.9,0.0469,55.1568
167,0.047,55.164
167.1,0.0471,55.1712
167.2,0.0472,55.1785
167.3,0.0473,55.1857
167.4,0.0474,55.1929
167.5,0.0475,55.2001
167.6,0.0476,55.2073
167.7,0.0477,55.2146
167.8,0.0478,55.2218
167.9,0.0479,55.229
168,0.048,55.2361
168.1,0.0481,55.2433
168.2,0.0482,55.2505
168.3,0.0483,55.2577
168.4,0.0484,55.2649
168.5,0.0485,55.2721
168.6,0.0486,55.2792
168.7,0.0487,55.2864
168.8,0.0488,55.2935
168.9,0.0489,55.3007
169,0.049,55.3079
169.1,0.0491,55.315
169.2,0.0492,55.3221
169.3,0.0493,55.3293
169.4,0.0494,55.3364
169.5,0.0495,55.3435
169.6,0.0496,55.3507
169.7,0.0497,55.3578
169.8,0.0498,55.3649
169.9,0.0499,55.372
170,0.05,55.3791
170.1,0.0501,55.3862
170.2,0.0502,55.3933
170.3,0.0503,55.4004
170.4,0.0504,55.4075
170.5,0.0505,55.4146
170.6,0.0506,55.4217
170.7,0.0507,55.4288
170.8,0.0508,55.4358
170.9,0.0509,55.4429
171,0.051,55.45
171.1,0.0511,55.457
171.2,0.0512,55.4641
171.3,0.0513,55.4712
171.4,0.0514,55.4782
171.5,0.0515,55.4853
171.6,0.0516,55.4923
171.7,0.0517,55.4993
171.8,0.0518,55.5064
171.9,0.0519,55.5134
172,0.052,55.5204
172.1,0.0521,55.5274
172.2,0.0522,55.5345
172.3,0.0523,55.5415
172.4,0.0524,55.5485
172.5,0.0525,55.5555
172.6,0.0526,55.5625
172.7,0.0527,55.5695
172.8,0.0528,55.5765
172.9,0.0529,55.5835
173,0.053,55.5905
173.1,0.0531,55.5975
173.2,0.0532,55.6044
173.3,0.0533,55.6114
173.4,0.0534,55.6184
173.5,0.0535,55.6254
173.6,0.0536,55.6323
173.7,0.0537,55.6393
173.8,0.0538,55.6463
173.9,0.0539,55.6532
174,0.054,55.6602
174.1,0.0541,55.6671
174.2,0.0542,55.674
174.3,0.0543,55.681
174.4,0.0544,55.6879
174.5,0.0545,55.6949
174.6,0.0546,55.7018
174.7,0.0547,55.7087
174.8,0.0548,55.7156
174.9,0.0549,55.7226
175,0.055,55.7295
175.1,0.0551,55.7364
175.2,0.0552,55.7433
175.3,0.0553,55.7502
175.4,0.0554,55.7571
175.5,0.0555,55.764
175.6,0.0556,55.7709
175.7,0.0557,55.7778
175.8,0.0558,55.7847
175.9,0.0559,55.7915
176,0.056,55.7984
176.1,0.0561,55.8053
176.2,0.0562,55.8122
176.3,0.0563,55.819
176.4,0.0564,55.8259
176.5,0.0565,55.8328
176.6,0.0566,55.8396
176.7,0.0567,55.8465
176.8,0.0568,55.8533
176.9,0.0569,55.8602
177,0.057,55.867
177.1,0.0571,55.8739
177.2,0.0572,55.8807
177.3,0.0573,55.8875
177.4,0.0574,55.8944
177.5,0.0575,55.9012
177.6,0.0576,55.908
177.7,0.0577,55.9149
177.8,0.0578,55.9217
177.9,0.0579,55.9285
178,0.058,55.9353
178.1,0.0581,55.9421
178.2,0.0582,55.9489
178.3,0.0583,55.9557
178.4,0.0584,55.9625
178.5,0.0585,55.9693
178.6,0.0586,55.9761
178.7,0.0587,55.9829
178.8,0.0588,55.9897
178.9,0.0589,55.9965
179,0.059,56.0032
179.1,0.0591,56.01
179.2,0.0592,56.0168
179.3,0.0593,56.0236
179.4,0.0594,56.0303
179.5,0.0595,56.0371
179.6,0.0596,56.0439
179.7,0.0597,56.0506
179.8,0.0598,56.0574
179.9,0.0599,56.0641
180,0.06,56.0709
